collection,collection_id,access_type,source,long_name,nature,provider,url_metadata,doi,version,spatial_resolution_m,temporal_resolution,temporal_resolution_unit,spatial_coverage,start_date,end_date,indicative_latency_days,url_manual_access,status,login,url_programmatic_access,url_stac,dim_lon,dim_lat,dim_time,dim_proj,crs
MCD12Q1.061,C2484079608-LPCLOUD,CMR / Earthdata Cloud,MODIS,MODIS/Terra+Aqua Land Cover Type Yearly L3 Global 500 m SIN Grid,Land cover,NASA LP DAAC (LPCLOUD),https://lpdaac.usgs.gov/products/mcd12q1v061,https://dx.doi.org/10.5067/MODIS/MCD12Q1.061,6.1,500.0,365.0,day,Global,2001-01-01,2022-12-31,774.0,https://search.earthdata.nasa.gov/search?q=MCD12Q1.061&ok=MCD12Q1.061,Implemented,earthdata,https://cmr.earthdata.nasa.gov/search/granules.json?collection_concept_id=C2484079608-LPCLOUD,https://cmr.earthdata.nasa.gov/cmr-stac/LPCLOUD/collections/MCD12Q1_061,XDim,YDim,time,MCD12Q1_eos_cf_projection,+proj=sinu +lon_0=0 +x_0=0 +y_0=0 +a=6371007.181 +b=6371007.181 +units=m +no_defs
MCD43A1.061,C2343116130-LPCLOUD,CMR / Earthdata Cloud,MODIS,MODIS/Terra and Aqua BRDF/Albedo Model Parameters Daily L3 Global 500 m SIN Grid,Albedo,NASA LP DAAC (LPCLOUD),https://lpdaac.usgs.gov/products/mcd43a1v061,https://dx.doi.org/10.5067/MODIS/MCD43A1.061,6.1,500.0,1.0,day,Global,2000-02-24,ongoing,10.0,https://search.earthdata.nasa.gov/search?q=MCD43A1.061&ok=MCD43A1.061,Implemented,earthdata,https://cmr.earthdata.nasa.gov/search/granules.json?collection_concept_id=C2343116130-LPCLOUD,https://cmr.earthdata.nasa.gov/cmr-stac/LPCLOUD/collections/MCD43A1_061,XDim,YDim,time,MOD_Grid_BRDF_eos_cf_projection,+proj=sinu +lon_0=0 +x_0=0 +y_0=0 +a=6371007.181 +b=6371007.181 +units=m +no_defs
MCD43A4.061,C2218719731-LPCLOUD,CMR / Earthdata Cloud,MODIS,MODIS/Terra and Aqua Nadir BRDF-Adjusted Reflectance Daily L3 Global 500 m SIN Grid,Surface reflectance,NASA LP DAAC (LPCLOUD),https://lpdaac.usgs.gov/products/mcd43a4v061,https://dx.doi.org/10.5067/MODIS/MCD43A4.061,6.1,500.0,1.0,day,Global,2000-02-24,ongoing,10.0,https://search.earthdata.nasa.gov/search?q=MCD43A4.061&ok=MCD43A4.061,Implemented,earthdata,https://cmr.earthdata.nasa.gov/search/granules.json?collection_concept_id=C2218719731-LPCLOUD,https://cmr.earthdata.nasa.gov/cmr-stac/LPCLOUD/collections/MCD43A4_061,XDim,YDim,time,MOD_Grid_BRDF_eos_cf_projection,+proj=sinu +lon_0=0 +x_0=0 +y_0=0 +a=6371007.181 +b=6371007.181 +units=m +no_defs
MOD11A1.061,C1748058432-LPCLOUD,CMR / Earthdata Cloud,MODIS,MODIS/Terra Land Surface Temperature/Emissivity Daily L3 Global 1km SIN Grid v061,Land surface temperature,NASA LP DAAC (LPCLOUD),https://lpdaac.usgs.gov/products/mod11a1v006,https://dx.doi.org/10.5067/MODIS/MOD11A1.061,6.1,1000.0,1.0,day,Global,2000-02-24,ongoing,3.0,https://search.earthdata.nasa.gov/search?q=MOD11A1.061&ok=MOD11A1.061,Implemented,earthdata,https://cmr.earthdata.nasa.gov/search/granules.json?collection_concept_id=C1748058432-LPCLOUD,https://cmr.earthdata.nasa.gov/cmr-stac/LPCLOUD/collections/MOD11A1_061,XDim,YDim,time,MODIS_Grid_Daily_1km_LST_eos_cf_projection,+proj=sinu +lon_0=0 +x_0=0 +y_0=0 +a=6371007.181 +b=6371007.181 +units=m +no_defs
MOD11A2.061,C2269056084-LPCLOUD,CMR / Earthdata Cloud,MODIS,MODIS/Terra Land Surface Temperature/Emissivity 8-Day L3 Global 1 km SIN Grid v061,Land surface temperature,NASA LP DAAC (LPCLOUD),https://lpdaac.usgs.gov/products/mod11a2v061,https://dx.doi.org/10.5067/MODIS/MOD11A2.061,6.1,1000.0,8.0,day,Global,2000-02-18,ongoing,12.0,https://search.earthdata.nasa.gov/search?q=MOD11A2.061&ok=MOD11A2.061,Implemented,earthdata,https://cmr.earthdata.nasa.gov/search/granules.json?collection_concept_id=C2269056084-LPCLOUD,https://cmr.earthdata.nasa.gov/cmr-stac/LPCLOUD/collections/MOD11A2_061,XDim,YDim,time,MODIS_Grid_8Day_1km_LST_eos_cf_projection,+proj=sinu +lon_0=0 +x_0=0 +y_0=0 +a=6371007.181 +b=6371007.181 +units=m +no_defs
MOD11B3.061,C2565788885-LPCLOUD,CMR / Earthdata Cloud,MODIS,MODIS/Terra Land Surface Temperature/Emissivity Monthly L3 Global 6 km SIN Grid,Land surface temperature,NASA LP DAAC (LPCLOUD),https://lpdaac.usgs.gov/products/mod11b3v061,https://dx.doi.org/10.5067/MODIS/MOD11B3.061,6.1,6000.0,30.0,day,Global,2000-02-01,ongoing,44.0,https://search.earthdata.nasa.gov/search?q=MOD11B3.061&ok=MOD11B3.061,Implemented,earthdata,https://cmr.earthdata.nasa.gov/search/granules.json?collection_concept_id=C2565788885-LPCLOUD,https://cmr.earthdata.nasa.gov/cmr-stac/LPCLOUD/collections/MOD11B3_061,XDim,YDim,time,MODIS_Grid_Month_6km_LST_eos_cf_projection,+proj=sinu +lon_0=0 +x_0=0 +y_0=0 +a=6371007.181 +b=6371007.181 +units=m +no_defs
MOD16A2.061,C2343113232-LPCLOUD,CMR / Earthdata Cloud,MODIS,MODIS/Terra Net Evapotranspiration 8-Day L4 Global 500m SIN Grid v061,Evapotranspiration,NASA LP DAAC (LPCLOUD),https://lpdaac.usgs.gov/products/mod16a2v061,https://dx.doi.org/10.5067/MODIS/MOD16A2.061,6.1,500.0,8.0,day,Global,2021-01-01,ongoing,20.0,https://search.earthdata.nasa.gov/search?q=MOD16A2.061&ok=MOD16A2.061,Implemented,earthdata,https://cmr.earthdata.nasa.gov/search/granules.json?collection_concept_id=C2343113232-LPCLOUD,https://cmr.earthdata.nasa.gov/cmr-stac/LPCLOUD/collections/MOD16A2_061,XDim,YDim,time,MOD_Grid_MOD16A2_eos_cf_projection,+proj=sinu +lon_0=0 +x_0=0 +y_0=0 +a=6371007.181 +b=6371007.181 +units=m +no_defs
MOD16A2GF.061,C2565791021-LPCLOUD,CMR / Earthdata Cloud,MODIS,MODIS/Terra Net Evapotranspiration Gap-Filled 8-Day L4 Global 500 m SIN Grid,Evapotranspiration,NASA LP DAAC (LPCLOUD),https://lpdaac.usgs.gov/products/mod16a2gfv061,https://dx.doi.org/10.5067/MODIS/MOD16A2GF.061,6.1,500.0,8.0,day,Global,2000-01-01,ongoing,49.0,https://search.earthdata.nasa.gov/search?q=MOD16A2GF.061&ok=MOD16A2GF.061,Implemented,earthdata,https://cmr.earthdata.nasa.gov/search/granules.json?collection_concept_id=C2565791021-LPCLOUD,https://cmr.earthdata.nasa.gov/cmr-stac/LPCLOUD/collections/MOD16A2GF_061,XDim,YDim,time,MOD_Grid_MOD16A2_eos_cf_projection,+proj=sinu +lon_0=0 +x_0=0 +y_0=0 +a=6371007.181 +b=6371007.181 +units=m +no_defs
MOD16A3GF.061,C2565791024-LPCLOUD,CMR / Earthdata Cloud,MODIS,MODIS/Terra Net Evapotranspiration Gap-Filled Yearly L4 Global 500 m SIN Grid,Evapotranspiration,NASA LP DAAC (LPCLOUD),https://lpdaac.usgs.gov/products/mod16a3gfv061,https://dx.doi.org/10.5067/MODIS/MOD16A3GF.061,6.1,500.0,365.0,day,Global,2000-02-18,ongoing,409.0,https://search.earthdata.nasa.gov/search?q=MOD16A3GF.061&ok=MOD16A3GF.061,Implemented,earthdata,https://cmr.earthdata.nasa.gov/search/granules.json?collection_concept_id=C2565791024-LPCLOUD,https://cmr.earthdata.nasa.gov/cmr-stac/LPCLOUD/collections/MOD16A3GF_061,XDim,YDim,time,MOD_Grid_MOD16A3_eos_cf_projection,+proj=sinu +lon_0=0 +x_0=0 +y_0=0 +a=6371007.181 +b=6371007.181 +units=m +no_defs
MOD17A2H.061,C2565791027-LPCLOUD,CMR / Earthdata Cloud,MODIS,MODIS/Aqua Gross Primary Productivity 8-Day L4 Global 500 m SIN Grid,Primary Productivity,NASA LP DAAC (LPCLOUD),https://lpdaac.usgs.gov/products/mod17a2hv061,https://dx.doi.org/10.5067/MODIS/MOD17A2H.061,6.1,500.0,8.0,day,Global,2021-01-01,ongoing,12.0,https://search.earthdata.nasa.gov/search?q=MOD17A2H.061&ok=MOD17A2H.061,Implemented,earthdata,https://cmr.earthdata.nasa.gov/search/granules.json?collection_concept_id=C2565791027-LPCLOUD,https://cmr.earthdata.nasa.gov/cmr-stac/LPCLOUD/collections/MOD17A2H_061,XDim,YDim,time,MOD_Grid_MOD17A2H_eos_cf_projection,+proj=sinu +lon_0=0 +x_0=0 +y_0=0 +a=6371007.181 +b=6371007.181 +units=m +no_defs
MOD17A2HGF.061,C2565791029-LPCLOUD,CMR / Earthdata Cloud,MODIS,MODIS/Terra Gross Primary Productivity Gap-Filled 8-Day L4 Global 500 m SIN Grid,Primary Productivity,NASA LP DAAC (LPCLOUD),https://lpdaac.usgs.gov/products/mod17a2hgfv061,https://dx.doi.org/10.5067/MODIS/MOD17A2HGF.061,6.1,500.0,8.0,day,Global,2000-01-01,ongoing,49.0,https://search.earthdata.nasa.gov/search?q=MOD17A2HGF.061&ok=MOD17A2HGF.061,Implemented,earthdata,https://cmr.earthdata.nasa.gov/search/granules.json?collection_concept_id=C2565791029-LPCLOUD,https://cmr.earthdata.nasa.gov/cmr-stac/LPCLOUD/collections/MOD17A2HGF_061,XDim,YDim,time,MOD_Grid_MOD17A2H_eos_cf_projection,+proj=sinu +lon_0=0 +x_0=0 +y_0=0 +a=6371007.181 +b=6371007.181 +units=m +no_defs
MOD17A3HGF.061,C2565791034-LPCLOUD,CMR / Earthdata Cloud,MODIS,MODIS/Terra Net Primary Production Gap-Filled Yearly L4 Global 500 m SIN Grid,Primary Productivity,NASA LP DAAC (LPCLOUD),https://lpdaac.usgs.gov/products/mod17a3hgfv061,https://dx.doi.org/10.5067/MODIS/MOD17A3HGF.061,6.1,500.0,365.0,day,Global,2000-02-18,ongoing,409.0,https://search.earthdata.nasa.gov/search?q=MOD17A3HGF.061&ok=MOD17A3HGF.061,Implemented,earthdata,https://cmr.earthdata.nasa.gov/search/granules.json?collection_concept_id=C2565791034-LPCLOUD,https://cmr.earthdata.nasa.gov/cmr-stac/LPCLOUD/collections/MOD17A3HGF_061,XDim,YDim,time,MOD_Grid_MOD17A3H_eos_cf_projection,+proj=sinu +lon_0=0 +x_0=0 +y_0=0 +a=6371007.181 +b=6371007.181 +units=m +no_defs
MOD44W.061,C2565805847-LPCLOUD,CMR / Earthdata Cloud,MODIS,MODIS/Terra Land Water Mask Derived from MODIS and SRTM L3 Global 250m SIN Grid V061,Land Water mask,NASA LP DAAC (LPCLOUD),https://lpdaac.usgs.gov/products/mod44wv061,https://dx.doi.org/10.5067/MODIS/MOD44W.061,6.1,250.0,365.0,day,Global,2000-01-01,ongoing,409.0,https://search.earthdata.nasa.gov/search?q=MOD44W.061&ok=MOD44W.061,Implemented,earthdata,https://cmr.earthdata.nasa.gov/search/granules.json?collection_concept_id=C2565805847-LPCLOUD,https://cmr.earthdata.nasa.gov/cmr-stac/LPCLOUD/collections/MOD44W_061,XDim,YDim,time,MOD44W_250m_GRID_eos_cf_projection,+proj=sinu +lon_0=0 +x_0=0 +y_0=0 +a=6371007.181 +b=6371007.181 +units=m +no_defs
MYD11A1.061,C1748046084-LPCLOUD,CMR / Earthdata Cloud,MODIS,MODIS/Aqua Land Surface Temperature/Emissivity Daily L3 Global 1km SIN Grid v061,Land surface temperature,NASA LP DAAC (LPCLOUD),https://lpdaac.usgs.gov/products/myd11a1v061,https://dx.doi.org/10.5067/MODIS/MYD11A1.061,6.1,1000.0,1.0,day,Global,2002-07-05,ongoing,2.0,https://search.earthdata.nasa.gov/search?q=MYD11A1.061&ok=MYD11A1.061,Implemented,earthdata,https://cmr.earthdata.nasa.gov/search/granules.json?collection_concept_id=C1748046084-LPCLOUD,https://cmr.earthdata.nasa.gov/cmr-stac/LPCLOUD/collections/MYD11A1_061,XDim,YDim,time,MODIS_Grid_Daily_1km_LST_eos_cf_projection,+proj=sinu +lon_0=0 +x_0=0 +y_0=0 +a=6371007.181 +b=6371007.181 +units=m +no_defs
MYD11A2.061,C2269057787-LPCLOUD,CMR / Earthdata Cloud,MODIS,MODIS/Aqua Land Surface Temperature/Emissivity 8-Day L3 Global 1 km SIN Grid v061,Land surface temperature,NASA LP DAAC (LPCLOUD),https://lpdaac.usgs.gov/products/myd11a2v061,https://dx.doi.org/10.5067/MODIS/MYD11A2.061,6.1,1000.0,8.0,day,Global,2002-07-04,ongoing,12.0,https://search.earthdata.nasa.gov/search?q=MYD11A2.061&ok=MYD11A2.061,Implemented,earthdata,https://cmr.earthdata.nasa.gov/search/granules.json?collection_concept_id=C2269057787-LPCLOUD,https://cmr.earthdata.nasa.gov/cmr-stac/LPCLOUD/collections/MYD11A2_061,XDim,YDim,time,MODIS_Grid_8Day_1km_LST_eos_cf_projection,+proj=sinu +lon_0=0 +x_0=0 +y_0=0 +a=6371007.181 +b=6371007.181 +units=m +no_defs
MYD16A2.061,C2565794064-LPCLOUD,CMR / Earthdata Cloud,MODIS,MODIS/Aqua Net Evapotranspiration 8-Day L4 Global 500m SIN Grid v061,Evapotranspiration,NASA LP DAAC (LPCLOUD),https://lpdaac.usgs.gov/products/myd16a2v061,https://dx.doi.org/10.5067/MODIS/MYD16A2.061,6.1,500.0,8.0,day,Global,2021-01-01,ongoing,20.0,https://search.earthdata.nasa.gov/search?q=MYD16A2.061&ok=MYD16A2.061,Implemented,earthdata,https://cmr.earthdata.nasa.gov/search/granules.json?collection_concept_id=C2565794064-LPCLOUD,https://cmr.earthdata.nasa.gov/cmr-stac/LPCLOUD/collections/MYD16A2_061,XDim,YDim,time,MOD_Grid_MOD16A2_eos_cf_projection,+proj=sinu +lon_0=0 +x_0=0 +y_0=0 +a=6371007.181 +b=6371007.181 +units=m +no_defs
MYD16A2GF.061,C2565794067-LPCLOUD,CMR / Earthdata Cloud,MODIS,MODIS/Aqua Net Evapotranspiration Gap-Filled 8-Day L4 Global 500 m SIN Grid,Evapotranspiration,NASA LP DAAC (LPCLOUD),https://lpdaac.usgs.gov/products/myd16a2gfv061,https://dx.doi.org/10.5067/MODIS/MYD16A2GF.061,6.1,500.0,8.0,day,Global,2002-01-01,ongoing,49.0,https://search.earthdata.nasa.gov/search?q=MYD16A2GF.061&ok=MYD16A2GF.061,Implemented,earthdata,https://cmr.earthdata.nasa.gov/search/granules.json?collection_concept_id=C2565794067-LPCLOUD,https://cmr.earthdata.nasa.gov/cmr-stac/LPCLOUD/collections/MYD16A2GF_061,XDim,YDim,time,MOD_Grid_MOD16A2_eos_cf_projection,+proj=sinu +lon_0=0 +x_0=0 +y_0=0 +a=6371007.181 +b=6371007.181 +units=m +no_defs
MYD16A3GF.061,C2565794069-LPCLOUD,CMR / Earthdata Cloud,MODIS,MODIS/Aqua Net Evapotranspiration Gap-Filled Yearly L4 Global 500 m SIN Grid,Evapotranspiration,NASA LP DAAC (LPCLOUD),https://lpdaac.usgs.gov/products/myd16a3gfv061,https://dx.doi.org/10.5067/MODIS/MYD16A3GF.061,6.1,500.0,365.0,day,Global,2002-07-04,ongoing,409.0,https://search.earthdata.nasa.gov/search?q=MYD16A3GF.061&ok=MYD16A3GF.061,Implemented,earthdata,https://cmr.earthdata.nasa.gov/search/granules.json?collection_concept_id=C2565794069-LPCLOUD,https://cmr.earthdata.nasa.gov/cmr-stac/LPCLOUD/collections/MYD16A3GF_061,XDim,YDim,time,MOD_Grid_MOD16A3_eos_cf_projection,+proj=sinu +lon_0=0 +x_0=0 +y_0=0 +a=6371007.181 +b=6371007.181 +units=m +no_defs
MYD17A2H.061,C2565794796-LPCLOUD,CMR / Earthdata Cloud,MODIS,MODIS/Terra Gross Primary Productivity 8-Day L4 Global 500 m SIN Grid,Primary Productivity,NASA LP DAAC (LPCLOUD),https://lpdaac.usgs.gov/products/myd17a2hv061,https://dx.doi.org/10.5067/MODIS/MYD17A2H.061,6.1,500.0,8.0,day,Global,2021-01-01,ongoing,12.0,https://search.earthdata.nasa.gov/search?q=MYD17A2H.061&ok=MYD17A2H.061,Implemented,earthdata,https://cmr.earthdata.nasa.gov/search/granules.json?collection_concept_id=C2565794796-LPCLOUD,https://cmr.earthdata.nasa.gov/cmr-stac/LPCLOUD/collections/MYD17A2H_061,XDim,YDim,time,MOD_Grid_MOD17A2H_eos_cf_projection,+proj=sinu +lon_0=0 +x_0=0 +y_0=0 +a=6371007.181 +b=6371007.181 +units=m +no_defs
MYD17A2HGF.061,C2565794824-LPCLOUD,CMR / Earthdata Cloud,MODIS,MODIS/Aqua Gross Primary Productivity Gap-Filled 8-Day L4 Global 500 m SIN Grid,Primary Productivity,NASA LP DAAC (LPCLOUD),https://lpdaac.usgs.gov/products/myd17a2hgfv061,https://dx.doi.org/10.5067/MODIS/MYD17A2HGF.061,6.1,500.0,8.0,day,Global,2002-01-01,ongoing,49.0,https://search.earthdata.nasa.gov/search?q=MYD17A2HGF.061&ok=MYD17A2HGF.061,Implemented,earthdata,https://cmr.earthdata.nasa.gov/search/granules.json?collection_concept_id=C2565794824-LPCLOUD,https://cmr.earthdata.nasa.gov/cmr-stac/LPCLOUD/collections/MYD17A2HGF_061,XDim,YDim,time,MOD_Grid_MOD17A2H_eos_cf_projection,+proj=sinu +lon_0=0 +x_0=0 +y_0=0 +a=6371007.181 +b=6371007.181 +units=m +no_defs
MYD17A3HGF.061,C2565794850-LPCLOUD,CMR / Earthdata Cloud,MODIS,MODIS/Aqua Net Primary Production Gap-Filled Yearly L4 Global 500 m SIN Grid,Primary Productivity,NASA LP DAAC (LPCLOUD),https://lpdaac.usgs.gov/products/myd17a3hgfv061,https://dx.doi.org/10.5067/MODIS/MYD17A3HGF.061,6.1,500.0,365.0,day,Global,2002-07-04,ongoing,409.0,https://search.earthdata.nasa.gov/search?q=MYD17A3HGF.061&ok=MYD17A3HGF.061,Implemented,earthdata,https://cmr.earthdata.nasa.gov/search/granules.json?collection_concept_id=C2565794850-LPCLOUD,https://cmr.earthdata.nasa.gov/cmr-stac/LPCLOUD/collections/MYD17A3HGF_061,XDim,YDim,time,MOD_Grid_MOD17A3H_eos_cf_projection,+proj=sinu +lon_0=0 +x_0=0 +y_0=0 +a=6371007.181 +b=6371007.181 +units=m +no_defs
VJ109A1.002,C2501959919-LPCLOUD,CMR / Earthdata Cloud,VIIRS,VIIRS/JPSS1 Surface Reflectance 8-Day L3 Global 1km SIN Grid V002,Surface reflectance,NASA LP DAAC (LPCLOUD),https://www.earthdata.nasa.gov/data/catalog/lpcloud-vj109a1-002,https://doi.org/10.5067/VIIRS/VJ109A1.002,2.0,1000.0,8.0,day,Global,2018-01-01,ongoing,,https://search.earthdata.nasa.gov/search/granules?p=C2501959919-LPCLOUD,Implemented,earthdata,https://cmr.earthdata.nasa.gov/search/granules.json?collection_concept_id=C2501959919-LPCLOUD,https://cmr.earthdata.nasa.gov/cmr-stac/LPCLOUD/collections/VJ109A1_002,XDim,YDim,time,eos_cf_projection,+proj=sinu +lon_0=0 +x_0=0 +y_0=0 +a=6371007.181 +b=6371007.181 +units=m +no_defs
VJ109H1.002,C2519120226-LPCLOUD,CMR / Earthdata Cloud,VIIRS,VIIRS/JPSS1 Surface Reflectance 8-Day L3 Global 500m SIN Grid V002,Surface reflectance,NASA LP DAAC (LPCLOUD),https://www.earthdata.nasa.gov/data/catalog/lpcloud-vj109h1-002,https://doi.org/10.5067/VIIRS/VJ109H1.002,2.0,500.0,8.0,day,Global,2018-01-01,ongoing,,https://search.earthdata.nasa.gov/search/granules?p=C2519120226-LPCLOUD,Implemented,earthdata,https://cmr.earthdata.nasa.gov/search/granules.json?collection_concept_id=C2519120226-LPCLOUD,https://cmr.earthdata.nasa.gov/cmr-stac/LPCLOUD/collections/VJ109H1_002,XDim,YDim,time,eos_cf_projection,+proj=sinu +lon_0=0 +x_0=0 +y_0=0 +a=6371007.181 +b=6371007.181 +units=m +no_defs
VJ114A1.002,C2545310874-LPCLOUD,CMR / Earthdata Cloud,VIIRS,VIIRS/JPSS1 Thermal Anomalies and Fire Daily L3 Global 1km SIN Grid V002,Thermal anomalies and fire,NASA LP DAAC (LPCLOUD),https://www.earthdata.nasa.gov/data/catalog/lpcloud-vj114a1-002,https://doi.org/10.5067/VIIRS/VJ114A1.002,2.0,1000.0,1.0,day,Global,2018-01-01,ongoing,,https://search.earthdata.nasa.gov/search/granules?p=C2545310874-LPCLOUD,Implemented,earthdata,https://cmr.earthdata.nasa.gov/search/granules.json?collection_concept_id=C2545310874-LPCLOUD,https://cmr.earthdata.nasa.gov/cmr-stac/LPCLOUD/collections/VJ114A1_002,XDim,YDim,time,eos_cf_projection,+proj=sinu +lon_0=0 +x_0=0 +y_0=0 +a=6371007.181 +b=6371007.181 +units=m +no_defs
VJ115A2H.002,C2545310879-LPCLOUD,CMR / Earthdata Cloud,VIIRS,VIIRS/JPSS1 Leaf Area Index/FPAR 8-Day L4 Global 500m SIN Grid V002,Leaf area index / FPAR,NASA LP DAAC (LPCLOUD),https://www.earthdata.nasa.gov/data/catalog/lpcloud-vj115a2h-002,https://doi.org/10.5067/VIIRS/VJ115A2H.002,2.0,500.0,8.0,day,Global,2018-01-01,ongoing,,https://search.earthdata.nasa.gov/search/granules?p=C2545310879-LPCLOUD,Implemented,earthdata,https://cmr.earthdata.nasa.gov/search/granules.json?collection_concept_id=C2545310879-LPCLOUD,https://cmr.earthdata.nasa.gov/cmr-stac/LPCLOUD/collections/VJ115A2H_002,XDim,YDim,time,eos_cf_projection,+proj=sinu +lon_0=0 +x_0=0 +y_0=0 +a=6371007.181 +b=6371007.181 +units=m +no_defs
VJ117A2.002,C2885051948-LPCLOUD,CMR / Earthdata Cloud,VIIRS,VIIRS/JPSS1 Gross Primary Productivity and Net Photosynthesis 8-Day L4 Global 500m SIN Grid V002,Vegetation productivity,NASA LP DAAC (LPCLOUD),https://www.earthdata.nasa.gov/data/catalog/lpcloud-vj117a2-002,https://doi.org/10.5067/VIIRS/VJ117A2.002,2.0,500.0,8.0,day,Global,2025-01-01,ongoing,,https://search.earthdata.nasa.gov/search/granules?p=C2885051948-LPCLOUD,Implemented,earthdata,https://cmr.earthdata.nasa.gov/search/granules.json?collection_concept_id=C2885051948-LPCLOUD,https://cmr.earthdata.nasa.gov/cmr-stac/LPCLOUD/collections/VJ117A2_002,XDim,YDim,time,eos_cf_projection,+proj=sinu +lon_0=0 +x_0=0 +y_0=0 +a=6371007.181 +b=6371007.181 +units=m +no_defs
VJ117A2GF.002,C2885052714-LPCLOUD,CMR / Earthdata Cloud,VIIRS,VIIRS/JPSS1 Gross Primary Productivity and Net Photosynthesis Gap-Filled 8-Day L4 Global 500m SIN Grid V002,Vegetation productivity,NASA LP DAAC (LPCLOUD),https://www.earthdata.nasa.gov/data/catalog/lpcloud-vj117a2gf-002,https://doi.org/10.5067/VIIRS/VJ117A2GF.002,2.0,500.0,8.0,day,Global,2025-01-01,ongoing,,https://search.earthdata.nasa.gov/search/granules?p=C2885052714-LPCLOUD,Implemented,earthdata,https://cmr.earthdata.nasa.gov/search/granules.json?collection_concept_id=C2885052714-LPCLOUD,https://cmr.earthdata.nasa.gov/cmr-stac/LPCLOUD/collections/VJ117A2GF_002,XDim,YDim,time,eos_cf_projection,+proj=sinu +lon_0=0 +x_0=0 +y_0=0 +a=6371007.181 +b=6371007.181 +units=m +no_defs
VJ117A3GF.002,C2885053254-LPCLOUD,CMR / Earthdata Cloud,VIIRS,VIIRS/JPSS1 Gross and Net Primary Production Gap-Filled Yearly L4 Global 500m SIN Grid V002,Vegetation productivity,NASA LP DAAC (LPCLOUD),https://www.earthdata.nasa.gov/data/catalog/lpcloud-vj117a3gf-002,https://doi.org/10.5067/VIIRS/VJ117A3GF.002,2.0,500.0,1.0,year,Global,2025-01-01,ongoing,,https://search.earthdata.nasa.gov/search/granules?p=C2885053254-LPCLOUD,Implemented,earthdata,https://cmr.earthdata.nasa.gov/search/granules.json?collection_concept_id=C2885053254-LPCLOUD,https://cmr.earthdata.nasa.gov/cmr-stac/LPCLOUD/collections/VJ117A3GF_002,XDim,YDim,time,eos_cf_projection,+proj=sinu +lon_0=0 +x_0=0 +y_0=0 +a=6371007.181 +b=6371007.181 +units=m +no_defs
VJ121A1D.002,C2545310887-LPCLOUD,CMR / Earthdata Cloud,VIIRS,VIIRS/JPSS1 Land Surface Temperature/Emissivity Daily L3 Global 1km SIN Grid Day V002,Land surface temperature,NASA LP DAAC (LPCLOUD),https://www.earthdata.nasa.gov/data/catalog/lpcloud-vj121a1d-002,https://doi.org/10.5067/VIIRS/VJ121A1D.002,2.0,1000.0,1.0,day,Global,2018-01-01,ongoing,,https://search.earthdata.nasa.gov/search/granules?p=C2545310887-LPCLOUD,Implemented,earthdata,https://cmr.earthdata.nasa.gov/search/granules.json?collection_concept_id=C2545310887-LPCLOUD,https://cmr.earthdata.nasa.gov/cmr-stac/LPCLOUD/collections/VJ121A1D_002,XDim,YDim,time,eos_cf_projection,+proj=sinu +lon_0=0 +x_0=0 +y_0=0 +a=6371007.181 +b=6371007.181 +units=m +no_defs
VJ121A1N.002,C2545310892-LPCLOUD,CMR / Earthdata Cloud,VIIRS,VIIRS/JPSS1 Land Surface Temperature/Emissivity Daily L3 Global 1km SIN Grid Night V002,Land surface temperature,NASA LP DAAC (LPCLOUD),https://www.earthdata.nasa.gov/data/catalog/lpcloud-vj121a1n-002,https://doi.org/10.5067/VIIRS/VJ121A1N.002,2.0,1000.0,1.0,day,Global,2018-01-01,ongoing,,https://search.earthdata.nasa.gov/search/granules?p=C2545310892-LPCLOUD,Implemented,earthdata,https://cmr.earthdata.nasa.gov/search/granules.json?collection_concept_id=C2545310892-LPCLOUD,https://cmr.earthdata.nasa.gov/cmr-stac/LPCLOUD/collections/VJ121A1N_002,XDim,YDim,time,eos_cf_projection,+proj=sinu +lon_0=0 +x_0=0 +y_0=0 +a=6371007.181 +b=6371007.181 +units=m +no_defs
VJ121A2.002,C2545310897-LPCLOUD,CMR / Earthdata Cloud,VIIRS,VIIRS/JPSS1 Land Surface Temperature/Emissivity 8-Day L3 Global 1km SIN Grid V002,Land surface temperature,NASA LP DAAC (LPCLOUD),https://www.earthdata.nasa.gov/data/catalog/lpcloud-vj121a2-002,https://doi.org/10.5067/VIIRS/VJ121A2.002,2.0,1000.0,8.0,day,Global,2018-01-01,ongoing,,https://search.earthdata.nasa.gov/search/granules?p=C2545310897-LPCLOUD,Implemented,earthdata,https://cmr.earthdata.nasa.gov/search/granules.json?collection_concept_id=C2545310897-LPCLOUD,https://cmr.earthdata.nasa.gov/cmr-stac/LPCLOUD/collections/VJ121A2_002,XDim,YDim,time,eos_cf_projection,+proj=sinu +lon_0=0 +x_0=0 +y_0=0 +a=6371007.181 +b=6371007.181 +units=m +no_defs
VJ143DNBA1.002,C2837120518-LPCLOUD,CMR / Earthdata Cloud,VIIRS,VIIRS/JPSS1 DNB BRDF/Albedo Model Parameters Daily L3 Global 1km SIN Grid V002,Albedo / BRDF,NASA LP DAAC (LPCLOUD),https://www.earthdata.nasa.gov/data/catalog/lpcloud-vj143dnba1-002,https://doi.org/10.5067/VIIRS/VJ143DNBA1.002,2.0,1000.0,1.0,day,Global,2018-01-01,ongoing,,https://search.earthdata.nasa.gov/search/granules?p=C2837120518-LPCLOUD,Implemented,earthdata,https://cmr.earthdata.nasa.gov/search/granules.json?collection_concept_id=C2837120518-LPCLOUD,https://cmr.earthdata.nasa.gov/cmr-stac/LPCLOUD/collections/VJ143DNBA1_002,XDim,YDim,time,eos_cf_projection,+proj=sinu +lon_0=0 +x_0=0 +y_0=0 +a=6371007.181 +b=6371007.181 +units=m +no_defs
VJ143DNBA2.002,C2837121875-LPCLOUD,CMR / Earthdata Cloud,VIIRS,VIIRS/JPSS1 DNB BRDF/Albedo Quality Daily L3 Global 1km SIN Grid V002,Albedo / BRDF,NASA LP DAAC (LPCLOUD),https://www.earthdata.nasa.gov/data/catalog/lpcloud-vj143dnba2-002,https://doi.org/10.5067/VIIRS/VJ143DNBA2.002,2.0,1000.0,1.0,day,Global,2018-01-01,ongoing,,https://search.earthdata.nasa.gov/search/granules?p=C2837121875-LPCLOUD,Implemented,earthdata,https://cmr.earthdata.nasa.gov/search/granules.json?collection_concept_id=C2837121875-LPCLOUD,https://cmr.earthdata.nasa.gov/cmr-stac/LPCLOUD/collections/VJ143DNBA2_002,XDim,YDim,time,eos_cf_projection,+proj=sinu +lon_0=0 +x_0=0 +y_0=0 +a=6371007.181 +b=6371007.181 +units=m +no_defs
VJ143DNBA3.002,C2837651949-LPCLOUD,CMR / Earthdata Cloud,VIIRS,VIIRS/JPSS1 DNB Albedo Daily L3 Global 1km SIN Grid V002,Albedo,NASA LP DAAC (LPCLOUD),https://www.earthdata.nasa.gov/data/catalog/lpcloud-vj143dnba3-002,https://doi.org/10.5067/VIIRS/VJ143DNBA3.002,2.0,1000.0,1.0,day,Global,2018-01-01,ongoing,,https://search.earthdata.nasa.gov/search/granules?p=C2837651949-LPCLOUD,Implemented,earthdata,https://cmr.earthdata.nasa.gov/search/granules.json?collection_concept_id=C2837651949-LPCLOUD,https://cmr.earthdata.nasa.gov/cmr-stac/LPCLOUD/collections/VJ143DNBA3_002,XDim,YDim,time,eos_cf_projection,+proj=sinu +lon_0=0 +x_0=0 +y_0=0 +a=6371007.181 +b=6371007.181 +units=m +no_defs
VJ143DNBA4.002,C2837653430-LPCLOUD,CMR / Earthdata Cloud,VIIRS,VIIRS/JPSS1 DNB Nadir BRDF-Adjusted Reflectance Daily L3 Global 1km SIN Grid V002,Surface reflectance,NASA LP DAAC (LPCLOUD),https://www.earthdata.nasa.gov/data/catalog/lpcloud-vj143dnba4-002,https://doi.org/10.5067/VIIRS/VJ143DNBA4.002,2.0,1000.0,1.0,day,Global,2018-01-01,ongoing,,https://search.earthdata.nasa.gov/search/granules?p=C2837653430-LPCLOUD,Implemented,earthdata,https://cmr.earthdata.nasa.gov/search/granules.json?collection_concept_id=C2837653430-LPCLOUD,https://cmr.earthdata.nasa.gov/cmr-stac/LPCLOUD/collections/VJ143DNBA4_002,XDim,YDim,time,eos_cf_projection,+proj=sinu +lon_0=0 +x_0=0 +y_0=0 +a=6371007.181 +b=6371007.181 +units=m +no_defs
VJ143IA1.002,C2545310914-LPCLOUD,CMR / Earthdata Cloud,VIIRS,VIIRS/JPSS1 BRDF/Albedo Model Parameters Daily L3 Global 500m SIN Grid V002,Albedo / BRDF,NASA LP DAAC (LPCLOUD),https://www.earthdata.nasa.gov/data/catalog/lpcloud-vj143ia1-002,https://doi.org/10.5067/VIIRS/VJ143IA1.002,2.0,500.0,1.0,day,Global,2018-01-01,ongoing,,https://search.earthdata.nasa.gov/search/granules?p=C2545310914-LPCLOUD,Implemented,earthdata,https://cmr.earthdata.nasa.gov/search/granules.json?collection_concept_id=C2545310914-LPCLOUD,https://cmr.earthdata.nasa.gov/cmr-stac/LPCLOUD/collections/VJ143IA1_002,XDim,YDim,time,eos_cf_projection,+proj=sinu +lon_0=0 +x_0=0 +y_0=0 +a=6371007.181 +b=6371007.181 +units=m +no_defs
VJ143IA2.002,C2545310918-LPCLOUD,CMR / Earthdata Cloud,VIIRS,VIIRS/JPSS1 BRDF/Albedo Quality Daily L3 Global 500m SIN Grid V002,Albedo / BRDF,NASA LP DAAC (LPCLOUD),https://www.earthdata.nasa.gov/data/catalog/lpcloud-vj143ia2-002,https://doi.org/10.5067/VIIRS/VJ143IA2.002,2.0,500.0,1.0,day,Global,2018-01-01,ongoing,,https://search.earthdata.nasa.gov/search/granules?p=C2545310918-LPCLOUD,Implemented,earthdata,https://cmr.earthdata.nasa.gov/search/granules.json?collection_concept_id=C2545310918-LPCLOUD,https://cmr.earthdata.nasa.gov/cmr-stac/LPCLOUD/collections/VJ143IA2_002,XDim,YDim,time,eos_cf_projection,+proj=sinu +lon_0=0 +x_0=0 +y_0=0 +a=6371007.181 +b=6371007.181 +units=m +no_defs
VJ143IA3.002,C2545310922-LPCLOUD,CMR / Earthdata Cloud,VIIRS,VIIRS/JPSS1 Albedo Daily L3 Global 500m SIN Grid V002,Albedo,NASA LP DAAC (LPCLOUD),https://www.earthdata.nasa.gov/data/catalog/lpcloud-vj143ia3-002,https://doi.org/10.5067/VIIRS/VJ143IA3.002,2.0,500.0,1.0,day,Global,2018-01-01,ongoing,,https://search.earthdata.nasa.gov/search/granules?p=C2545310922-LPCLOUD,Implemented,earthdata,https://cmr.earthdata.nasa.gov/search/granules.json?collection_concept_id=C2545310922-LPCLOUD,https://cmr.earthdata.nasa.gov/cmr-stac/LPCLOUD/collections/VJ143IA3_002,XDim,YDim,time,eos_cf_projection,+proj=sinu +lon_0=0 +x_0=0 +y_0=0 +a=6371007.181 +b=6371007.181 +units=m +no_defs
VJ143IA4.002,C2545310926-LPCLOUD,CMR / Earthdata Cloud,VIIRS,VIIRS/JPSS1 Nadir BRDF-Adjusted Reflectance Daily L3 Global 500m SIN Grid V002,Surface reflectance,NASA LP DAAC (LPCLOUD),https://www.earthdata.nasa.gov/data/catalog/lpcloud-vj143ia4-002,https://doi.org/10.5067/VIIRS/VJ143IA4.002,2.0,500.0,1.0,day,Global,2018-01-01,ongoing,,https://search.earthdata.nasa.gov/search/granules?p=C2545310926-LPCLOUD,Implemented,earthdata,https://cmr.earthdata.nasa.gov/search/granules.json?collection_concept_id=C2545310926-LPCLOUD,https://cmr.earthdata.nasa.gov/cmr-stac/LPCLOUD/collections/VJ143IA4_002,XDim,YDim,time,eos_cf_projection,+proj=sinu +lon_0=0 +x_0=0 +y_0=0 +a=6371007.181 +b=6371007.181 +units=m +no_defs
VJ143MA2.002,C2545310934-LPCLOUD,CMR / Earthdata Cloud,VIIRS,VIIRS/JPSS1 BRDF/Albedo Quality Daily L3 Global 1km SIN Grid V002,Albedo / BRDF,NASA LP DAAC (LPCLOUD),https://www.earthdata.nasa.gov/data/catalog/lpcloud-vj143ma2-002,https://doi.org/10.5067/VIIRS/VJ143MA2.002,2.0,1000.0,1.0,day,Global,2018-01-01,ongoing,,https://search.earthdata.nasa.gov/search/granules?p=C2545310934-LPCLOUD,Implemented,earthdata,https://cmr.earthdata.nasa.gov/search/granules.json?collection_concept_id=C2545310934-LPCLOUD,https://cmr.earthdata.nasa.gov/cmr-stac/LPCLOUD/collections/VJ143MA2_002,XDim,YDim,time,eos_cf_projection,+proj=sinu +lon_0=0 +x_0=0 +y_0=0 +a=6371007.181 +b=6371007.181 +units=m +no_defs
VJ143MA3.002,C2545310938-LPCLOUD,CMR / Earthdata Cloud,VIIRS,VIIRS/JPSS1 Albedo Daily L3 Global 1km SIN Grid V002,Albedo,NASA LP DAAC (LPCLOUD),https://www.earthdata.nasa.gov/data/catalog/lpcloud-vj143ma3-002,https://doi.org/10.5067/VIIRS/VJ143MA3.002,2.0,1000.0,1.0,day,Global,2018-01-01,ongoing,,https://search.earthdata.nasa.gov/search/granules?p=C2545310938-LPCLOUD,Implemented,earthdata,https://cmr.earthdata.nasa.gov/search/granules.json?collection_concept_id=C2545310938-LPCLOUD,https://cmr.earthdata.nasa.gov/cmr-stac/LPCLOUD/collections/VJ143MA3_002,XDim,YDim,time,eos_cf_projection,+proj=sinu +lon_0=0 +x_0=0 +y_0=0 +a=6371007.181 +b=6371007.181 +units=m +no_defs
VJ143MA4.002,C2545310943-LPCLOUD,CMR / Earthdata Cloud,VIIRS,VIIRS/JPSS1 Nadir BRDF-Adjusted Reflectance Daily L3 Global 1km SIN Grid V002,Surface reflectance,NASA LP DAAC (LPCLOUD),https://www.earthdata.nasa.gov/data/catalog/lpcloud-vj143ma4-002,https://doi.org/10.5067/VIIRS/VJ143MA4.002,2.0,1000.0,1.0,day,Global,2018-01-01,ongoing,,https://search.earthdata.nasa.gov/search/granules?p=C2545310943-LPCLOUD,Implemented,earthdata,https://cmr.earthdata.nasa.gov/search/granules.json?collection_concept_id=C2545310943-LPCLOUD,https://cmr.earthdata.nasa.gov/cmr-stac/LPCLOUD/collections/VJ143MA4_002,XDim,YDim,time,eos_cf_projection,+proj=sinu +lon_0=0 +x_0=0 +y_0=0 +a=6371007.181 +b=6371007.181 +units=m +no_defs
VJ209A1.002,C2817358787-LPCLOUD,CMR / Earthdata Cloud,VIIRS,VIIRS/JPSS2 Surface Reflectance 8-Day L3 Global 1km SIN Grid V002,Surface reflectance,NASA LP DAAC (LPCLOUD),https://www.earthdata.nasa.gov/data/catalog/lpcloud-vj209a1-002,https://doi.org/10.5067/VIIRS/VJ209A1.002,2.0,1000.0,8.0,day,Global,2023-02-10,ongoing,,https://search.earthdata.nasa.gov/search/granules?p=C2817358787-LPCLOUD,Implemented,earthdata,https://cmr.earthdata.nasa.gov/search/granules.json?collection_concept_id=C2817358787-LPCLOUD,https://cmr.earthdata.nasa.gov/cmr-stac/LPCLOUD/collections/VJ209A1_002,XDim,YDim,time,eos_cf_projection,+proj=sinu +lon_0=0 +x_0=0 +y_0=0 +a=6371007.181 +b=6371007.181 +units=m +no_defs
VJ209H1.002,C2817366221-LPCLOUD,CMR / Earthdata Cloud,VIIRS,VIIRS/JPSS2 Surface Reflectance 8-Day L3 Global 500m SIN Grid V002,Surface reflectance,NASA LP DAAC (LPCLOUD),https://www.earthdata.nasa.gov/data/catalog/lpcloud-vj209h1-002,https://doi.org/10.5067/VIIRS/VJ209H1.002,2.0,500.0,8.0,day,Global,2023-02-10,ongoing,,https://search.earthdata.nasa.gov/search/granules?p=C2817366221-LPCLOUD,Implemented,earthdata,https://cmr.earthdata.nasa.gov/search/granules.json?collection_concept_id=C2817366221-LPCLOUD,https://cmr.earthdata.nasa.gov/cmr-stac/LPCLOUD/collections/VJ209H1_002,XDim,YDim,time,eos_cf_projection,+proj=sinu +lon_0=0 +x_0=0 +y_0=0 +a=6371007.181 +b=6371007.181 +units=m +no_defs
VJ214A1.002,C2830534683-LPCLOUD,CMR / Earthdata Cloud,VIIRS,VIIRS/JPSS2 Thermal Anomalies and Fire Daily L3 Global 1km SIN Grid V002,Thermal anomalies and fire,NASA LP DAAC (LPCLOUD),https://www.earthdata.nasa.gov/data/catalog/lpcloud-vj214a1-002,https://doi.org/10.5067/VIIRS/VJ214A1.002,2.0,1000.0,1.0,day,Global,2023-02-10,ongoing,,https://search.earthdata.nasa.gov/search/granules?p=C2830534683-LPCLOUD,Implemented,earthdata,https://cmr.earthdata.nasa.gov/search/granules.json?collection_concept_id=C2830534683-LPCLOUD,https://cmr.earthdata.nasa.gov/cmr-stac/LPCLOUD/collections/VJ214A1_002,XDim,YDim,time,eos_cf_projection,+proj=sinu +lon_0=0 +x_0=0 +y_0=0 +a=6371007.181 +b=6371007.181 +units=m +no_defs
VJ215A2H.002,C2843640489-LPCLOUD,CMR / Earthdata Cloud,VIIRS,VIIRS/JPSS2 Leaf Area Index/FPAR 8-Day L4 Global 500m SIN Grid V002,Leaf area index / FPAR,NASA LP DAAC (LPCLOUD),https://www.earthdata.nasa.gov/data/catalog/lpcloud-vj215a2h-002,https://doi.org/10.5067/VIIRS/VJ215A2H.002,2.0,500.0,8.0,day,Global,2023-02-10,ongoing,,https://search.earthdata.nasa.gov/search/granules?p=C2843640489-LPCLOUD,Implemented,earthdata,https://cmr.earthdata.nasa.gov/search/granules.json?collection_concept_id=C2843640489-LPCLOUD,https://cmr.earthdata.nasa.gov/cmr-stac/LPCLOUD/collections/VJ215A2H_002,XDim,YDim,time,eos_cf_projection,+proj=sinu +lon_0=0 +x_0=0 +y_0=0 +a=6371007.181 +b=6371007.181 +units=m +no_defs
VJ217A2.002,C2885063333-LPCLOUD,CMR / Earthdata Cloud,VIIRS,VIIRS/JPSS2 Gross Primary Productivity and Net Photosynthesis 8-Day L4 Global 500m SIN Grid V002,Vegetation productivity,NASA LP DAAC (LPCLOUD),https://www.earthdata.nasa.gov/data/catalog/lpcloud-vj217a2-002,https://doi.org/10.5067/VIIRS/VJ217A2.002,2.0,500.0,8.0,day,Global,2023-02-10,ongoing,,https://search.earthdata.nasa.gov/search/granules?p=C2885063333-LPCLOUD,Implemented,earthdata,https://cmr.earthdata.nasa.gov/search/granules.json?collection_concept_id=C2885063333-LPCLOUD,https://cmr.earthdata.nasa.gov/cmr-stac/LPCLOUD/collections/VJ217A2_002,XDim,YDim,time,eos_cf_projection,+proj=sinu +lon_0=0 +x_0=0 +y_0=0 +a=6371007.181 +b=6371007.181 +units=m +no_defs
VJ217A2GF.002,C2885062907-LPCLOUD,CMR / Earthdata Cloud,VIIRS,VIIRS/JPSS2 Gross Primary Productivity and Net Photosynthesis Gap-Filled 8-Day L4 Global 500m SIN Grid V002,Vegetation productivity,NASA LP DAAC (LPCLOUD),https://www.earthdata.nasa.gov/data/catalog/lpcloud-vj217a2gf-002,https://doi.org/10.5067/VIIRS/VJ217A2GF.002,2.0,500.0,8.0,day,Global,2023-02-10,ongoing,,https://search.earthdata.nasa.gov/search/granules?p=C2885062907-LPCLOUD,Implemented,earthdata,https://cmr.earthdata.nasa.gov/search/granules.json?collection_concept_id=C2885062907-LPCLOUD,https://cmr.earthdata.nasa.gov/cmr-stac/LPCLOUD/collections/VJ217A2GF_002,XDim,YDim,time,eos_cf_projection,+proj=sinu +lon_0=0 +x_0=0 +y_0=0 +a=6371007.181 +b=6371007.181 +units=m +no_defs
VJ217A3GF.002,C2885062058-LPCLOUD,CMR / Earthdata Cloud,VIIRS,VIIRS/JPSS2 Gross and Net Primary Production Gap-Filled Yearly L4 Global 500m SIN Grid V002,Vegetation productivity,NASA LP DAAC (LPCLOUD),https://www.earthdata.nasa.gov/data/catalog/lpcloud-vj217a3gf-002,https://doi.org/10.5067/VIIRS/VJ217A3GF.002,2.0,500.0,1.0,year,Global,2023-02-10,ongoing,,https://search.earthdata.nasa.gov/search/granules?p=C2885062058-LPCLOUD,Implemented,earthdata,https://cmr.earthdata.nasa.gov/search/granules.json?collection_concept_id=C2885062058-LPCLOUD,https://cmr.earthdata.nasa.gov/cmr-stac/LPCLOUD/collections/VJ217A3GF_002,XDim,YDim,time,eos_cf_projection,+proj=sinu +lon_0=0 +x_0=0 +y_0=0 +a=6371007.181 +b=6371007.181 +units=m +no_defs
VJ221A1D.002,C2831628020-LPCLOUD,CMR / Earthdata Cloud,VIIRS,VIIRS/JPSS2 Land Surface Temperature/Emissivity Daily L3 Global 1km SIN Grid Day V002,Land surface temperature,NASA LP DAAC (LPCLOUD),https://www.earthdata.nasa.gov/data/catalog/lpcloud-vj221a1d-002,https://doi.org/10.5067/VIIRS/VJ221A1D.002,2.0,1000.0,1.0,day,Global,2023-02-10,ongoing,,https://search.earthdata.nasa.gov/search/granules?p=C2831628020-LPCLOUD,Implemented,earthdata,https://cmr.earthdata.nasa.gov/search/granules.json?collection_concept_id=C2831628020-LPCLOUD,https://cmr.earthdata.nasa.gov/cmr-stac/LPCLOUD/collections/VJ221A1D_002,XDim,YDim,time,eos_cf_projection,+proj=sinu +lon_0=0 +x_0=0 +y_0=0 +a=6371007.181 +b=6371007.181 +units=m +no_defs
VJ221A1N.002,C2831648565-LPCLOUD,CMR / Earthdata Cloud,VIIRS,VIIRS/JPSS2 Land Surface Temperature/Emissivity Daily L3 Global 1km SIN Grid Night V002,Land surface temperature,NASA LP DAAC (LPCLOUD),https://www.earthdata.nasa.gov/data/catalog/lpcloud-vj221a1n-002,https://doi.org/10.5067/VIIRS/VJ221A1N.002,2.0,1000.0,1.0,day,Global,2023-02-10,ongoing,,https://search.earthdata.nasa.gov/search/granules?p=C2831648565-LPCLOUD,Implemented,earthdata,https://cmr.earthdata.nasa.gov/search/granules.json?collection_concept_id=C2831648565-LPCLOUD,https://cmr.earthdata.nasa.gov/cmr-stac/LPCLOUD/collections/VJ221A1N_002,XDim,YDim,time,eos_cf_projection,+proj=sinu +lon_0=0 +x_0=0 +y_0=0 +a=6371007.181 +b=6371007.181 +units=m +no_defs
VJ221A2.002,C2831655321-LPCLOUD,CMR / Earthdata Cloud,VIIRS,VIIRS/JPSS2 Land Surface Temperature/Emissivity 8-Day L3 Global 1km SIN Grid V002,Land surface temperature,NASA LP DAAC (LPCLOUD),https://www.earthdata.nasa.gov/data/catalog/lpcloud-vj221a2-002,https://doi.org/10.5067/VIIRS/VJ221A2.002,2.0,1000.0,8.0,day,Global,2023-02-10,ongoing,,https://search.earthdata.nasa.gov/search/granules?p=C2831655321-LPCLOUD,Implemented,earthdata,https://cmr.earthdata.nasa.gov/search/granules.json?collection_concept_id=C2831655321-LPCLOUD,https://cmr.earthdata.nasa.gov/cmr-stac/LPCLOUD/collections/VJ221A2_002,XDim,YDim,time,eos_cf_projection,+proj=sinu +lon_0=0 +x_0=0 +y_0=0 +a=6371007.181 +b=6371007.181 +units=m +no_defs
VJ243DNBA1.002,C2843584342-LPCLOUD,CMR / Earthdata Cloud,VIIRS,VIIRS/JPSS2 DNB BRDF/Albedo Model Parameters Daily L3 Global 1km SIN Grid V002,Albedo / BRDF,NASA LP DAAC (LPCLOUD),https://www.earthdata.nasa.gov/data/catalog/lpcloud-vj243dnba1-002,https://doi.org/10.5067/VIIRS/VJ243DNBA1.002,2.0,1000.0,1.0,day,Global,2023-02-10,ongoing,,https://search.earthdata.nasa.gov/search/granules?p=C2843584342-LPCLOUD,Implemented,earthdata,https://cmr.earthdata.nasa.gov/search/granules.json?collection_concept_id=C2843584342-LPCLOUD,https://cmr.earthdata.nasa.gov/cmr-stac/LPCLOUD/collections/VJ243DNBA1_002,XDim,YDim,time,eos_cf_projection,+proj=sinu +lon_0=0 +x_0=0 +y_0=0 +a=6371007.181 +b=6371007.181 +units=m +no_defs
VJ243DNBA2.002,C2843586332-LPCLOUD,CMR / Earthdata Cloud,VIIRS,VIIRS/JPSS2 DNB BRDF/Albedo Quality Daily L3 Global 1km SIN Grid V002,Albedo / BRDF,NASA LP DAAC (LPCLOUD),https://www.earthdata.nasa.gov/data/catalog/lpcloud-vj243dnba2-002,https://doi.org/10.5067/VIIRS/VJ243DNBA2.002,2.0,1000.0,1.0,day,Global,2023-02-10,ongoing,,https://search.earthdata.nasa.gov/search/granules?p=C2843586332-LPCLOUD,Implemented,earthdata,https://cmr.earthdata.nasa.gov/search/granules.json?collection_concept_id=C2843586332-LPCLOUD,https://cmr.earthdata.nasa.gov/cmr-stac/LPCLOUD/collections/VJ243DNBA2_002,XDim,YDim,time,eos_cf_projection,+proj=sinu +lon_0=0 +x_0=0 +y_0=0 +a=6371007.181 +b=6371007.181 +units=m +no_defs
VJ243DNBA3.002,C2843629939-LPCLOUD,CMR / Earthdata Cloud,VIIRS,VIIRS/JPSS2 DNB Albedo Daily L3 Global 1km SIN Grid V002,Albedo,NASA LP DAAC (LPCLOUD),https://www.earthdata.nasa.gov/data/catalog/lpcloud-vj243dnba3-002,https://doi.org/10.5067/VIIRS/VJ243DNBA3.002,2.0,1000.0,1.0,day,Global,2023-02-10,ongoing,,https://search.earthdata.nasa.gov/search/granules?p=C2843629939-LPCLOUD,Implemented,earthdata,https://cmr.earthdata.nasa.gov/search/granules.json?collection_concept_id=C2843629939-LPCLOUD,https://cmr.earthdata.nasa.gov/cmr-stac/LPCLOUD/collections/VJ243DNBA3_002,XDim,YDim,time,eos_cf_projection,+proj=sinu +lon_0=0 +x_0=0 +y_0=0 +a=6371007.181 +b=6371007.181 +units=m +no_defs
VJ243DNBA4.002,C2843630451-LPCLOUD,CMR / Earthdata Cloud,VIIRS,VIIRS/JPSS2 DNB Nadir BRDF-Adjusted Reflectance Daily L3 Global 1km SIN Grid V002,Surface reflectance,NASA LP DAAC (LPCLOUD),https://www.earthdata.nasa.gov/data/catalog/lpcloud-vj243dnba4-002,https://doi.org/10.5067/VIIRS/VJ243DNBA4.002,2.0,1000.0,1.0,day,Global,2023-02-10,ongoing,,https://search.earthdata.nasa.gov/search/granules?p=C2843630451-LPCLOUD,Implemented,earthdata,https://cmr.earthdata.nasa.gov/search/granules.json?collection_concept_id=C2843630451-LPCLOUD,https://cmr.earthdata.nasa.gov/cmr-stac/LPCLOUD/collections/VJ243DNBA4_002,XDim,YDim,time,eos_cf_projection,+proj=sinu +lon_0=0 +x_0=0 +y_0=0 +a=6371007.181 +b=6371007.181 +units=m +no_defs
VJ243IA1.002,C2843631269-LPCLOUD,CMR / Earthdata Cloud,VIIRS,VIIRS/JPSS2 BRDF/Albedo Model Parameters Daily L3 Global 500m SIN Grid V002,Albedo / BRDF,NASA LP DAAC (LPCLOUD),https://www.earthdata.nasa.gov/data/catalog/lpcloud-vj243ia1-002,https://doi.org/10.5067/VIIRS/VJ243IA1.002,2.0,500.0,1.0,day,Global,2023-02-10,ongoing,,https://search.earthdata.nasa.gov/search/granules?p=C2843631269-LPCLOUD,Implemented,earthdata,https://cmr.earthdata.nasa.gov/search/granules.json?collection_concept_id=C2843631269-LPCLOUD,https://cmr.earthdata.nasa.gov/cmr-stac/LPCLOUD/collections/VJ243IA1_002,XDim,YDim,time,eos_cf_projection,+proj=sinu +lon_0=0 +x_0=0 +y_0=0 +a=6371007.181 +b=6371007.181 +units=m +no_defs
VJ243IA2.002,C2843632449-LPCLOUD,CMR / Earthdata Cloud,VIIRS,VIIRS/JPSS2 BRDF/Albedo Quality Daily L3 Global 500m SIN Grid V002,Albedo / BRDF,NASA LP DAAC (LPCLOUD),https://www.earthdata.nasa.gov/data/catalog/lpcloud-vj243ia2-002,https://doi.org/10.5067/VIIRS/VJ243IA2.002,2.0,500.0,1.0,day,Global,2023-02-10,ongoing,,https://search.earthdata.nasa.gov/search/granules?p=C2843632449-LPCLOUD,Implemented,earthdata,https://cmr.earthdata.nasa.gov/search/granules.json?collection_concept_id=C2843632449-LPCLOUD,https://cmr.earthdata.nasa.gov/cmr-stac/LPCLOUD/collections/VJ243IA2_002,XDim,YDim,time,eos_cf_projection,+proj=sinu +lon_0=0 +x_0=0 +y_0=0 +a=6371007.181 +b=6371007.181 +units=m +no_defs
VJ243IA3.002,C2843634490-LPCLOUD,CMR / Earthdata Cloud,VIIRS,VIIRS/JPSS2 Albedo Daily L3 Global 500m SIN Grid V002,Albedo,NASA LP DAAC (LPCLOUD),https://www.earthdata.nasa.gov/data/catalog/lpcloud-vj243ia3-002,https://doi.org/10.5067/VIIRS/VJ243IA3.002,2.0,500.0,1.0,day,Global,2023-02-10,ongoing,,https://search.earthdata.nasa.gov/search/granules?p=C2843634490-LPCLOUD,Implemented,earthdata,https://cmr.earthdata.nasa.gov/search/granules.json?collection_concept_id=C2843634490-LPCLOUD,https://cmr.earthdata.nasa.gov/cmr-stac/LPCLOUD/collections/VJ243IA3_002,XDim,YDim,time,eos_cf_projection,+proj=sinu +lon_0=0 +x_0=0 +y_0=0 +a=6371007.181 +b=6371007.181 +units=m +no_defs
VJ243IA4.002,C2843635016-LPCLOUD,CMR / Earthdata Cloud,VIIRS,VIIRS/JPSS2 Nadir BRDF-Adjusted Reflectance Daily L3 Global 500m SIN Grid V002,Surface reflectance,NASA LP DAAC (LPCLOUD),https://www.earthdata.nasa.gov/data/catalog/lpcloud-vj243ia4-002,https://doi.org/10.5067/VIIRS/VJ243IA4.002,2.0,500.0,1.0,day,Global,2023-02-10,ongoing,,https://search.earthdata.nasa.gov/search/granules?p=C2843635016-LPCLOUD,Implemented,earthdata,https://cmr.earthdata.nasa.gov/search/granules.json?collection_concept_id=C2843635016-LPCLOUD,https://cmr.earthdata.nasa.gov/cmr-stac/LPCLOUD/collections/VJ243IA4_002,XDim,YDim,time,eos_cf_projection,+proj=sinu +lon_0=0 +x_0=0 +y_0=0 +a=6371007.181 +b=6371007.181 +units=m +no_defs
VJ243MA2.002,C2843637495-LPCLOUD,CMR / Earthdata Cloud,VIIRS,VIIRS/JPSS2 BRDF/Albedo Quality Daily L3 Global 1km SIN Grid V002,Albedo / BRDF,NASA LP DAAC (LPCLOUD),https://www.earthdata.nasa.gov/data/catalog/lpcloud-vj243ma2-002,https://doi.org/10.5067/VIIRS/VJ243MA2.002,2.0,1000.0,1.0,day,Global,2023-02-10,ongoing,,https://search.earthdata.nasa.gov/search/granules?p=C2843637495-LPCLOUD,Implemented,earthdata,https://cmr.earthdata.nasa.gov/search/granules.json?collection_concept_id=C2843637495-LPCLOUD,https://cmr.earthdata.nasa.gov/cmr-stac/LPCLOUD/collections/VJ243MA2_002,XDim,YDim,time,eos_cf_projection,+proj=sinu +lon_0=0 +x_0=0 +y_0=0 +a=6371007.181 +b=6371007.181 +units=m +no_defs
VJ243MA3.002,C2843638860-LPCLOUD,CMR / Earthdata Cloud,VIIRS,VIIRS/JPSS2 Albedo Daily L3 Global 1km SIN Grid V002,Albedo,NASA LP DAAC (LPCLOUD),https://www.earthdata.nasa.gov/data/catalog/lpcloud-vj243ma3-002,https://doi.org/10.5067/VIIRS/VJ243MA3.002,2.0,1000.0,1.0,day,Global,2023-02-10,ongoing,,https://search.earthdata.nasa.gov/search/granules?p=C2843638860-LPCLOUD,Implemented,earthdata,https://cmr.earthdata.nasa.gov/search/granules.json?collection_concept_id=C2843638860-LPCLOUD,https://cmr.earthdata.nasa.gov/cmr-stac/LPCLOUD/collections/VJ243MA3_002,XDim,YDim,time,eos_cf_projection,+proj=sinu +lon_0=0 +x_0=0 +y_0=0 +a=6371007.181 +b=6371007.181 +units=m +no_defs
VJ243MA4.002,C2843639573-LPCLOUD,CMR / Earthdata Cloud,VIIRS,VIIRS/JPSS2 Nadir BRDF-Adjusted Reflectance Daily L3 Global 1km SIN Grid V002,Surface reflectance,NASA LP DAAC (LPCLOUD),https://www.earthdata.nasa.gov/data/catalog/lpcloud-vj243ma4-002,https://doi.org/10.5067/VIIRS/VJ243MA4.002,2.0,1000.0,1.0,day,Global,2023-02-10,ongoing,,https://search.earthdata.nasa.gov/search/granules?p=C2843639573-LPCLOUD,Implemented,earthdata,https://cmr.earthdata.nasa.gov/search/granules.json?collection_concept_id=C2843639573-LPCLOUD,https://cmr.earthdata.nasa.gov/cmr-stac/LPCLOUD/collections/VJ243MA4_002,XDim,YDim,time,eos_cf_projection,+proj=sinu +lon_0=0 +x_0=0 +y_0=0 +a=6371007.181 +b=6371007.181 +units=m +no_defs
VNP09A1.002,C2519124793-LPCLOUD,CMR / Earthdata Cloud,VIIRS,VIIRS/NPP Surface Reflectance 8-Day L3 Global 1km SIN Grid V002,Surface reflectance,NASA LP DAAC (LPCLOUD),https://www.earthdata.nasa.gov/data/catalog/lpcloud-vnp09a1-002,https://doi.org/10.5067/VIIRS/VNP09A1.002,2.0,1000.0,8.0,day,Global,2012-01-17,ongoing,,https://search.earthdata.nasa.gov/search/granules?p=C2519124793-LPCLOUD,Implemented,earthdata,https://cmr.earthdata.nasa.gov/search/granules.json?collection_concept_id=C2519124793-LPCLOUD,https://cmr.earthdata.nasa.gov/cmr-stac/LPCLOUD/collections/VNP09A1_002,XDim,YDim,time,eos_cf_projection,+proj=sinu +lon_0=0 +x_0=0 +y_0=0 +a=6371007.181 +b=6371007.181 +units=m +no_defs
VNP09H1.002,C2519125808-LPCLOUD,CMR / Earthdata Cloud,VIIRS,VIIRS/NPP Surface Reflectance 8-Day L3 Global 500m SIN Grid V002,Surface reflectance,NASA LP DAAC (LPCLOUD),https://www.earthdata.nasa.gov/data/catalog/lpcloud-vnp09h1-002,https://doi.org/10.5067/VIIRS/VNP09H1.002,2.0,500.0,8.0,day,Global,2012-01-17,ongoing,,https://search.earthdata.nasa.gov/search/granules?p=C2519125808-LPCLOUD,Implemented,earthdata,https://cmr.earthdata.nasa.gov/search/granules.json?collection_concept_id=C2519125808-LPCLOUD,https://cmr.earthdata.nasa.gov/cmr-stac/LPCLOUD/collections/VNP09H1_002,XDim,YDim,time,eos_cf_projection,+proj=sinu +lon_0=0 +x_0=0 +y_0=0 +a=6371007.181 +b=6371007.181 +units=m +no_defs
VNP14A1.002,C2545314541-LPCLOUD,CMR / Earthdata Cloud,VIIRS,VIIRS/NPP Thermal Anomalies and Fire Daily L3 Global 1km SIN Grid V002,Thermal anomalies and fire,NASA LP DAAC (LPCLOUD),https://www.earthdata.nasa.gov/data/catalog/lpcloud-vnp14a1-002,https://doi.org/10.5067/VIIRS/VNP14A1.002,2.0,1000.0,1.0,day,Global,2012-01-17,ongoing,,https://search.earthdata.nasa.gov/search/granules?p=C2545314541-LPCLOUD,Implemented,earthdata,https://cmr.earthdata.nasa.gov/search/granules.json?collection_concept_id=C2545314541-LPCLOUD,https://cmr.earthdata.nasa.gov/cmr-stac/LPCLOUD/collections/VNP14A1_002,XDim,YDim,time,eos_cf_projection,+proj=sinu +lon_0=0 +x_0=0 +y_0=0 +a=6371007.181 +b=6371007.181 +units=m +no_defs
VNP15A2H.002,C2545314545-LPCLOUD,CMR / Earthdata Cloud,VIIRS,VIIRS/NPP Leaf Area Index/FPAR 8-Day L4 Global 500m SIN Grid V002,Leaf area index / FPAR,NASA LP DAAC (LPCLOUD),https://www.earthdata.nasa.gov/data/catalog/lpcloud-vnp15a2h-002,https://doi.org/10.5067/VIIRS/VNP15A2H.002,2.0,500.0,8.0,day,Global,2012-01-17,ongoing,,https://search.earthdata.nasa.gov/search/granules?p=C2545314545-LPCLOUD,Implemented,earthdata,https://cmr.earthdata.nasa.gov/search/granules.json?collection_concept_id=C2545314545-LPCLOUD,https://cmr.earthdata.nasa.gov/cmr-stac/LPCLOUD/collections/VNP15A2H_002,XDim,YDim,time,eos_cf_projection,+proj=sinu +lon_0=0 +x_0=0 +y_0=0 +a=6371007.181 +b=6371007.181 +units=m +no_defs
VNP17A2.002,C2872602075-LPCLOUD,CMR / Earthdata Cloud,VIIRS,VIIRS/NPP Gross Primary Productivity and Net Photosynthesis 8-Day L4 Global 500m SIN Grid V002,Vegetation productivity,NASA LP DAAC (LPCLOUD),https://www.earthdata.nasa.gov/data/catalog/lpcloud-vnp17a2-002,https://doi.org/10.5067/VIIRS/VNP17A2.002,2.0,500.0,8.0,day,Global,2025-01-01,ongoing,,https://search.earthdata.nasa.gov/search/granules?p=C2872602075-LPCLOUD,Implemented,earthdata,https://cmr.earthdata.nasa.gov/search/granules.json?collection_concept_id=C2872602075-LPCLOUD,https://cmr.earthdata.nasa.gov/cmr-stac/LPCLOUD/collections/VNP17A2_002,XDim,YDim,time,eos_cf_projection,+proj=sinu +lon_0=0 +x_0=0 +y_0=0 +a=6371007.181 +b=6371007.181 +units=m +no_defs
VNP17A2GF.002,C2872606489-LPCLOUD,CMR / Earthdata Cloud,VIIRS,VIIRS/NPP Gross Primary Productivity and Net Photosynthesis Gap-Filled 8-Day L4 Global 500m SIN Grid V002,Vegetation productivity,NASA LP DAAC (LPCLOUD),https://www.earthdata.nasa.gov/data/catalog/lpcloud-vnp17a2gf-002,https://doi.org/10.5067/VIIRS/VNP17A2GF.002,2.0,500.0,8.0,day,Global,2025-01-01,ongoing,,https://search.earthdata.nasa.gov/search/granules?p=C2872606489-LPCLOUD,Implemented,earthdata,https://cmr.earthdata.nasa.gov/search/granules.json?collection_concept_id=C2872606489-LPCLOUD,https://cmr.earthdata.nasa.gov/cmr-stac/LPCLOUD/collections/VNP17A2GF_002,XDim,YDim,time,eos_cf_projection,+proj=sinu +lon_0=0 +x_0=0 +y_0=0 +a=6371007.181 +b=6371007.181 +units=m +no_defs
VNP17A3GF.002,C2872613065-LPCLOUD,CMR / Earthdata Cloud,VIIRS,VIIRS/NPP Gross and Net Primary Production Gap-Filled Yearly L4 Global 500m SIN Grid V002,Vegetation productivity,NASA LP DAAC (LPCLOUD),https://www.earthdata.nasa.gov/data/catalog/lpcloud-vnp17a3gf-002,https://doi.org/10.5067/VIIRS/VNP17A3GF.002,2.0,500.0,1.0,year,Global,2025-01-01,ongoing,,https://search.earthdata.nasa.gov/search/granules?p=C2872613065-LPCLOUD,Implemented,earthdata,https://cmr.earthdata.nasa.gov/search/granules.json?collection_concept_id=C2872613065-LPCLOUD,https://cmr.earthdata.nasa.gov/cmr-stac/LPCLOUD/collections/VNP17A3GF_002,XDim,YDim,time,eos_cf_projection,+proj=sinu +lon_0=0 +x_0=0 +y_0=0 +a=6371007.181 +b=6371007.181 +units=m +no_defs
VNP21A1D.002,C2545314555-LPCLOUD,CMR / Earthdata Cloud,VIIRS,VIIRS/NPP Land Surface Temperature/Emissivity Daily L3 Global 1km SIN Grid Day V002,Land surface temperature,NASA LP DAAC (LPCLOUD),https://www.earthdata.nasa.gov/data/catalog/lpcloud-vnp21a1d-002,https://doi.org/10.5067/VIIRS/VNP21A1D.002,2.0,1000.0,1.0,day,Global,2012-01-17,ongoing,,https://search.earthdata.nasa.gov/search/granules?p=C2545314555-LPCLOUD,Implemented,earthdata,https://cmr.earthdata.nasa.gov/search/granules.json?collection_concept_id=C2545314555-LPCLOUD,https://cmr.earthdata.nasa.gov/cmr-stac/LPCLOUD/collections/VNP21A1D_002,XDim,YDim,time,eos_cf_projection,+proj=sinu +lon_0=0 +x_0=0 +y_0=0 +a=6371007.181 +b=6371007.181 +units=m +no_defs
VNP21A1N.002,C2545314559-LPCLOUD,CMR / Earthdata Cloud,VIIRS,VIIRS/NPP Land Surface Temperature/Emissivity Daily L3 Global 1km SIN Grid Night V002,Land surface temperature,NASA LP DAAC (LPCLOUD),https://www.earthdata.nasa.gov/data/catalog/lpcloud-vnp21a1n-002,https://doi.org/10.5067/VIIRS/VNP21A1N.002,2.0,1000.0,1.0,day,Global,2012-01-17,ongoing,,https://search.earthdata.nasa.gov/search/granules?p=C2545314559-LPCLOUD,Implemented,earthdata,https://cmr.earthdata.nasa.gov/search/granules.json?collection_concept_id=C2545314559-LPCLOUD,https://cmr.earthdata.nasa.gov/cmr-stac/LPCLOUD/collections/VNP21A1N_002,XDim,YDim,time,eos_cf_projection,+proj=sinu +lon_0=0 +x_0=0 +y_0=0 +a=6371007.181 +b=6371007.181 +units=m +no_defs
VNP21A2.002,C2545314562-LPCLOUD,CMR / Earthdata Cloud,VIIRS,VIIRS/NPP Land Surface Temperature/Emissivity 8-Day L3 Global 1km SIN Grid V002,Land surface temperature,NASA LP DAAC (LPCLOUD),https://www.earthdata.nasa.gov/data/catalog/lpcloud-vnp21a2-002,https://doi.org/10.5067/VIIRS/VNP21A2.002,2.0,1000.0,8.0,day,Global,2012-01-17,ongoing,,https://search.earthdata.nasa.gov/search/granules?p=C2545314562-LPCLOUD,Implemented,earthdata,https://cmr.earthdata.nasa.gov/search/granules.json?collection_concept_id=C2545314562-LPCLOUD,https://cmr.earthdata.nasa.gov/cmr-stac/LPCLOUD/collections/VNP21A2_002,XDim,YDim,time,eos_cf_projection,+proj=sinu +lon_0=0 +x_0=0 +y_0=0 +a=6371007.181 +b=6371007.181 +units=m +no_defs
VNP22Q2.002,C2847915918-LPCLOUD,CMR / Earthdata Cloud,VIIRS,VIIRS/NPP Land Surface Phenology Yearly L3 Global 500m SIN Grid V002,Land surface phenology,NASA LP DAAC (LPCLOUD),https://www.earthdata.nasa.gov/data/catalog/lpcloud-vnp22q2-002,https://doi.org/10.5067/VIIRS/VNP22Q2.002,2.0,500.0,1.0,year,Global,2013-01-01,ongoing,,https://search.earthdata.nasa.gov/search/granules?p=C2847915918-LPCLOUD,Implemented,earthdata,https://cmr.earthdata.nasa.gov/search/granules.json?collection_concept_id=C2847915918-LPCLOUD,https://cmr.earthdata.nasa.gov/cmr-stac/LPCLOUD/collections/VNP22Q2_002,XDim,YDim,time,eos_cf_projection,+proj=sinu +lon_0=0 +x_0=0 +y_0=0 +a=6371007.181 +b=6371007.181 +units=m +no_defs
VNP43DNBA1.002,C2847930337-LPCLOUD,CMR / Earthdata Cloud,VIIRS,VIIRS/NPP DNB BRDF/Albedo Model Parameters Daily L3 Global 1km SIN Grid V002,Albedo / BRDF,NASA LP DAAC (LPCLOUD),https://www.earthdata.nasa.gov/data/catalog/lpcloud-vnp43dnba1-002,https://doi.org/10.5067/VIIRS/VNP43DNBA1.002,2.0,1000.0,1.0,day,Global,2012-01-19,ongoing,,https://search.earthdata.nasa.gov/search/granules?p=C2847930337-LPCLOUD,Implemented,earthdata,https://cmr.earthdata.nasa.gov/search/granules.json?collection_concept_id=C2847930337-LPCLOUD,https://cmr.earthdata.nasa.gov/cmr-stac/LPCLOUD/collections/VNP43DNBA1_002,XDim,YDim,time,eos_cf_projection,+proj=sinu +lon_0=0 +x_0=0 +y_0=0 +a=6371007.181 +b=6371007.181 +units=m +no_defs
VNP43DNBA2.002,C2847930064-LPCLOUD,CMR / Earthdata Cloud,VIIRS,VIIRS/NPP DNB BRDF/Albedo Quality Daily L3 Global 1km SIN Grid V002,Albedo / BRDF,NASA LP DAAC (LPCLOUD),https://www.earthdata.nasa.gov/data/catalog/lpcloud-vnp43dnba2-002,https://doi.org/10.5067/VIIRS/VNP43DNBA2.002,2.0,1000.0,1.0,day,Global,2012-01-19,ongoing,,https://search.earthdata.nasa.gov/search/granules?p=C2847930064-LPCLOUD,Implemented,earthdata,https://cmr.earthdata.nasa.gov/search/granules.json?collection_concept_id=C2847930064-LPCLOUD,https://cmr.earthdata.nasa.gov/cmr-stac/LPCLOUD/collections/VNP43DNBA2_002,XDim,YDim,time,eos_cf_projection,+proj=sinu +lon_0=0 +x_0=0 +y_0=0 +a=6371007.181 +b=6371007.181 +units=m +no_defs
VNP43DNBA3.002,C2847929477-LPCLOUD,CMR / Earthdata Cloud,VIIRS,VIIRS/NPP DNB Albedo Daily L3 Global 1km SIN Grid V002,Albedo,NASA LP DAAC (LPCLOUD),https://www.earthdata.nasa.gov/data/catalog/lpcloud-vnp43dnba3-002,https://doi.org/10.5067/VIIRS/VNP43DNBA3.002,2.0,1000.0,1.0,day,Global,2012-01-19,ongoing,,https://search.earthdata.nasa.gov/search/granules?p=C2847929477-LPCLOUD,Implemented,earthdata,https://cmr.earthdata.nasa.gov/search/granules.json?collection_concept_id=C2847929477-LPCLOUD,https://cmr.earthdata.nasa.gov/cmr-stac/LPCLOUD/collections/VNP43DNBA3_002,XDim,YDim,time,eos_cf_projection,+proj=sinu +lon_0=0 +x_0=0 +y_0=0 +a=6371007.181 +b=6371007.181 +units=m +no_defs
VNP43DNBA4.002,C2847929303-LPCLOUD,CMR / Earthdata Cloud,VIIRS,VIIRS/NPP DNB Nadir BRDF-Adjusted Reflectance Daily L3 Global 1km SIN Grid V002,Surface reflectance,NASA LP DAAC (LPCLOUD),https://www.earthdata.nasa.gov/data/catalog/lpcloud-vnp43dnba4-002,https://doi.org/10.5067/VIIRS/VNP43DNBA4.002,2.0,1000.0,1.0,day,Global,2012-01-19,ongoing,,https://search.earthdata.nasa.gov/search/granules?p=C2847929303-LPCLOUD,Implemented,earthdata,https://cmr.earthdata.nasa.gov/search/granules.json?collection_concept_id=C2847929303-LPCLOUD,https://cmr.earthdata.nasa.gov/cmr-stac/LPCLOUD/collections/VNP43DNBA4_002,XDim,YDim,time,eos_cf_projection,+proj=sinu +lon_0=0 +x_0=0 +y_0=0 +a=6371007.181 +b=6371007.181 +units=m +no_defs
VNP43IA1.002,C2545314578-LPCLOUD,CMR / Earthdata Cloud,VIIRS,VIIRS/NPP BRDF/Albedo Model Parameters Daily L3 Global 500m SIN Grid V002,Albedo / BRDF,NASA LP DAAC (LPCLOUD),https://www.earthdata.nasa.gov/data/catalog/lpcloud-vnp43ia1-002,https://doi.org/10.5067/VIIRS/VNP43IA1.002,2.0,500.0,1.0,day,Global,2012-01-17,ongoing,,https://search.earthdata.nasa.gov/search/granules?p=C2545314578-LPCLOUD,Implemented,earthdata,https://cmr.earthdata.nasa.gov/search/granules.json?collection_concept_id=C2545314578-LPCLOUD,https://cmr.earthdata.nasa.gov/cmr-stac/LPCLOUD/collections/VNP43IA1_002,XDim,YDim,time,eos_cf_projection,+proj=sinu +lon_0=0 +x_0=0 +y_0=0 +a=6371007.181 +b=6371007.181 +units=m +no_defs
VNP43IA2.002,C2545314582-LPCLOUD,CMR / Earthdata Cloud,VIIRS,VIIRS/NPP BRDF/Albedo Quality Daily L3 Global 500m SIN Grid V002,Albedo / BRDF,NASA LP DAAC (LPCLOUD),https://www.earthdata.nasa.gov/data/catalog/lpcloud-vnp43ia2-002,https://doi.org/10.5067/VIIRS/VNP43IA2.002,2.0,500.0,1.0,day,Global,2012-01-17,ongoing,,https://search.earthdata.nasa.gov/search/granules?p=C2545314582-LPCLOUD,Implemented,earthdata,https://cmr.earthdata.nasa.gov/search/granules.json?collection_concept_id=C2545314582-LPCLOUD,https://cmr.earthdata.nasa.gov/cmr-stac/LPCLOUD/collections/VNP43IA2_002,XDim,YDim,time,eos_cf_projection,+proj=sinu +lon_0=0 +x_0=0 +y_0=0 +a=6371007.181 +b=6371007.181 +units=m +no_defs
VNP43IA3.002,C2545314588-LPCLOUD,CMR / Earthdata Cloud,VIIRS,VIIRS/NPP Albedo Daily L3 Global 500m SIN Grid V002,Albedo,NASA LP DAAC (LPCLOUD),https://www.earthdata.nasa.gov/data/catalog/lpcloud-vnp43ia3-002,https://doi.org/10.5067/VIIRS/VNP43IA3.002,2.0,500.0,1.0,day,Global,2012-01-17,ongoing,,https://search.earthdata.nasa.gov/search/granules?p=C2545314588-LPCLOUD,Implemented,earthdata,https://cmr.earthdata.nasa.gov/search/granules.json?collection_concept_id=C2545314588-LPCLOUD,https://cmr.earthdata.nasa.gov/cmr-stac/LPCLOUD/collections/VNP43IA3_002,XDim,YDim,time,eos_cf_projection,+proj=sinu +lon_0=0 +x_0=0 +y_0=0 +a=6371007.181 +b=6371007.181 +units=m +no_defs
VNP43IA4.002,C2545314592-LPCLOUD,CMR / Earthdata Cloud,VIIRS,VIIRS/NPP Nadir BRDF-Adjusted Reflectance Daily L3 Global 500m SIN Grid V002,Surface reflectance,NASA LP DAAC (LPCLOUD),https://www.earthdata.nasa.gov/data/catalog/lpcloud-vnp43ia4-002,https://doi.org/10.5067/VIIRS/VNP43IA4.002,2.0,500.0,1.0,day,Global,2012-01-17,ongoing,,https://search.earthdata.nasa.gov/search/granules?p=C2545314592-LPCLOUD,Implemented,earthdata,https://cmr.earthdata.nasa.gov/search/granules.json?collection_concept_id=C2545314592-LPCLOUD,https://cmr.earthdata.nasa.gov/cmr-stac/LPCLOUD/collections/VNP43IA4_002,XDim,YDim,time,eos_cf_projection,+proj=sinu +lon_0=0 +x_0=0 +y_0=0 +a=6371007.181 +b=6371007.181 +units=m +no_defs
VNP43MA2.002,C2545314601-LPCLOUD,CMR / Earthdata Cloud,VIIRS,VIIRS/NPP BRDF/Albedo Quality Daily L3 Global 1km SIN Grid V002,Albedo / BRDF,NASA LP DAAC (LPCLOUD),https://www.earthdata.nasa.gov/data/catalog/lpcloud-vnp43ma2-002,https://doi.org/10.5067/VIIRS/VNP43MA2.002,2.0,1000.0,1.0,day,Global,2012-01-17,ongoing,,https://search.earthdata.nasa.gov/search/granules?p=C2545314601-LPCLOUD,Implemented,earthdata,https://cmr.earthdata.nasa.gov/search/granules.json?collection_concept_id=C2545314601-LPCLOUD,https://cmr.earthdata.nasa.gov/cmr-stac/LPCLOUD/collections/VNP43MA2_002,XDim,YDim,time,eos_cf_projection,+proj=sinu +lon_0=0 +x_0=0 +y_0=0 +a=6371007.181 +b=6371007.181 +units=m +no_defs
VNP43MA3.002,C2545314605-LPCLOUD,CMR / Earthdata Cloud,VIIRS,VIIRS/NPP Albedo Daily L3 Global 1km SIN Grid V002,Albedo,NASA LP DAAC (LPCLOUD),https://www.earthdata.nasa.gov/data/catalog/lpcloud-vnp43ma3-002,https://doi.org/10.5067/VIIRS/VNP43MA3.002,2.0,1000.0,1.0,day,Global,2012-01-17,ongoing,,https://search.earthdata.nasa.gov/search/granules?p=C2545314605-LPCLOUD,Implemented,earthdata,https://cmr.earthdata.nasa.gov/search/granules.json?collection_concept_id=C2545314605-LPCLOUD,https://cmr.earthdata.nasa.gov/cmr-stac/LPCLOUD/collections/VNP43MA3_002,XDim,YDim,time,eos_cf_projection,+proj=sinu +lon_0=0 +x_0=0 +y_0=0 +a=6371007.181 +b=6371007.181 +units=m +no_defs
VNP43MA4.002,C2545314608-LPCLOUD,CMR / Earthdata Cloud,VIIRS,VIIRS/NPP Nadir BRDF-Adjusted Reflectance Daily L3 Global 1km SIN Grid V002,Surface reflectance,NASA LP DAAC (LPCLOUD),https://www.earthdata.nasa.gov/data/catalog/lpcloud-vnp43ma4-002,https://doi.org/10.5067/VIIRS/VNP43MA4.002,2.0,1000.0,1.0,day,Global,2012-01-17,ongoing,,https://search.earthdata.nasa.gov/search/granules?p=C2545314608-LPCLOUD,Implemented,earthdata,https://cmr.earthdata.nasa.gov/search/granules.json?collection_concept_id=C2545314608-LPCLOUD,https://cmr.earthdata.nasa.gov/cmr-stac/LPCLOUD/collections/VNP43MA4_002,XDim,YDim,time,eos_cf_projection,+proj=sinu +lon_0=0 +x_0=0 +y_0=0 +a=6371007.181 +b=6371007.181 +units=m +no_defs
GPM_3IMERGDE.06,,GES DISC OPeNDAP,GPM,GPM IMERG Early Precipitation L3 1 day 0.1 degree x 0.1 degree V06,Rainfall,NASA GES DISC,https://disc.gsfc.nasa.gov/datasets/GPM_3IMERGDE_06/summary,https://doi.org/10.5067/GPM/IMERGDE/DAY/06,6.1,10000.0,1.0,day,Global,2000-06-01,ongoing,1.0,https://search.earthdata.nasa.gov/search?q=GPM_3IMERGDE_06,Implemented,earthdata,https://gpm1.gesdisc.eosdis.nasa.gov/opendap/GPM_L3/GPM_3IMERGDE.06/,,lon,lat,time,,+proj=longlat +datum=WGS84 +no_defs +type=crs
GPM_3IMERGHHE.06,,GES DISC OPeNDAP,GPM,GPM IMERG Early Precipitation L3 Half Hourly 0.1 degree x 0.1 degree V06,Rainfall,NASA GES DISC,https://disc.gsfc.nasa.gov/datasets/GPM_3IMERGDHHE_06/summary,https://doi.org/10.5067/GPM/IMERG/3B-HH-E/06,6.1,10000.0,30.0,minute,Global,2000-06-01,ongoing,0.0,https://search.earthdata.nasa.gov/search?q=GPM_3IMERGHHE_06,Implemented,earthdata,https://gpm1.gesdisc.eosdis.nasa.gov/opendap/GPM_L3/GPM_3IMERGHHE.06/,,lon,lat,time,,+proj=longlat +datum=WGS84 +no_defs +type=crs
GPM_3IMERGHHL.06,,GES DISC OPeNDAP,GPM,GPM IMERG Late Precipitation L3 Half Hourly 0.1 degree x 0.1 degree V06,Rainfall,NASA GES DISC,https://disc.gsfc.nasa.gov/datasets/GPM_3IMERGHHL_06/summary,https://doi.org/10.5067/GPM/IMERG/3B-HH-L/06,6.1,10000.0,30.0,minute,Global,2000-06-01,ongoing,1.0,https://search.earthdata.nasa.gov/search?q=GPM_3IMERGHHL_06,Implemented,earthdata,https://gpm1.gesdisc.eosdis.nasa.gov/opendap/GPM_L3/GPM_3IMERGHHL.06/,,lon,lat,time,,+proj=longlat +datum=WGS84 +no_defs +type=crs
GPM_3IMERGDF.06,,GES DISC OPeNDAP,GPM,GPM IMERG Final Precipitation L3 1 day 0.1 degree x 0.1 degree V06,Rainfall,NASA GES DISC,https://disc.gsfc.nasa.gov/datasets/GPM_3IMERGDF_06/summary,https://doi.org/10.5067/GPM/IMERGDF/DAY/06,6.1,10000.0,1.0,day,Global,2000-06-01,ongoing,100.0,https://search.earthdata.nasa.gov/search?q=GPM_3IMERGDF_06,Implemented,earthdata,https://gpm1.gesdisc.eosdis.nasa.gov/opendap/GPM_L3/GPM_3IMERGDF.06/,,lon,lat,time,,+proj=longlat +datum=WGS84 +no_defs +type=crs
GPM_3IMERGHH.06,,GES DISC OPeNDAP,GPM,GPM IMERG Final Precipitation L3 Half Hourly 0.1 degree x 0.1 degree V06,Rainfall,NASA GES DISC,https://disc.gsfc.nasa.gov/datasets/GPM_3IMERGHH_06/summary,https://doi.org/10.5067/GPM/IMERG/3B-HH/06,6.1,10000.0,30.0,minute,Global,2000-06-01,ongoing,100.0,https://search.earthdata.nasa.gov/search?q=GPM_3IMERGHH_06,Implemented,earthdata,https://gpm1.gesdisc.eosdis.nasa.gov/opendap/GPM_L3/GPM_3IMERGHH.06/,,lon,lat,time,,+proj=longlat +datum=WGS84 +no_defs +type=crs
GPM_3IMERGM.06,,GES DISC OPeNDAP,GPM,GPM IMERG Final Precipitation L3 1 month 0.1 degree x 0.1 degree V06,Rainfall,NASA GES DISC,https://disc.gsfc.nasa.gov/datasets/GPM_3IMERGM_06/summary,https://doi.org/10.5067/GPM/IMERG/3B-MONTH/06,6.1,10000.0,1.0,month,Global,2000-06-01,ongoing,100.0,https://search.earthdata.nasa.gov/search?q=GPM_3IMERGM_06,Implemented,earthdata,https://gpm1.gesdisc.eosdis.nasa.gov/opendap/GPM_L3/GPM_3IMERGM.06/,,lon,lat,time,,+proj=longlat +datum=WGS84 +no_defs +type=crs
GPM_3IMERGDL.06,,GES DISC OPeNDAP,GPM,GPM IMERG Late Precipitation L3 1 day 0.1 degree x 0.1 degree V06,Rainfall,NASA GES DISC,https://disc.gsfc.nasa.gov/datasets/GPM_3IMERGDL_06/summary,https://doi.org/10.5067/GPM/IMERGDL/DAY/06,6.1,10000.0,1.0,day,Global,2000-06-01,ongoing,1.0,https://search.earthdata.nasa.gov/search?q=GPM_3IMERGDL_06,Implemented,earthdata,https://gpm1.gesdisc.eosdis.nasa.gov/opendap/GPM_L3/GPM_3IMERGDL.06/,,lon,lat,time,,+proj=longlat +datum=WGS84 +no_defs +type=crs
GPM_3IMERGDF.07,,GES DISC OPeNDAP,GPM,GPM IMERG Final Precipitation L3 1 day 0.1 degree x 0.1 degree V07,Rainfall,NASA GES DISC,https://disc.gsfc.nasa.gov/datasets/GPM_3IMERGDF_07/summary,https://doi.org/10.5067/GPM/IMERGDF/DAY/07,7.0,10000.0,1.0,day,Global,2000-06-01,ongoing,100.0,https://search.earthdata.nasa.gov/search?q=GPM_3IMERGDF_07,Implemented,earthdata,https://gpm1.gesdisc.eosdis.nasa.gov/opendap/GPM_L3/GPM_3IMERGDF.07/,,lon,lat,time,,+proj=longlat +datum=WGS84 +no_defs +type=crs
GPM_3IMERGHH.07,,GES DISC OPeNDAP,GPM,GPM IMERG Final Precipitation L3 Half Hourly 0.1 degree x 0.1 degree V07,Rainfall,NASA GES DISC,https://disc.gsfc.nasa.gov/datasets/GPM_3IMERGHH_07/summary,https://doi.org/10.5067/GPM/IMERG/3B-HH/07,7.0,10000.0,30.0,minute,Global,2000-06-01,ongoing,100.0,https://search.earthdata.nasa.gov/search?q=GPM_3IMERGHH_07,Implemented,earthdata,https://gpm1.gesdisc.eosdis.nasa.gov/opendap/GPM_L3/GPM_3IMERGHH.07/,,lon,lat,time,,+proj=longlat +datum=WGS84 +no_defs +type=crs
GPM_3IMERGM.07,,GES DISC OPeNDAP,GPM,GPM IMERG Final Precipitation L3 1 month 0.1 degree x 0.1 degree V07,Rainfall,NASA GES DISC,https://disc.gsfc.nasa.gov/datasets/GPM_3IMERGM_07/summary,https://doi.org/10.5067/GPM/IMERG/3B-MONTH/07,7.0,10000.0,1.0,month,Global,2000-06-01,ongoing,100.0,https://search.earthdata.nasa.gov/search?q=GPM_3IMERGM_07,Implemented,earthdata,https://gpm1.gesdisc.eosdis.nasa.gov/opendap/GPM_L3/GPM_3IMERGM.07/,,lon,lat,time,,+proj=longlat +datum=WGS84 +no_defs +type=crs
