collection,source,provider,start_date,end_date,url_opendapserver,url_opendapexample,dim_lon,dim_lat,dim_time,dim_proj,crs
GPM_3IMERGDE.06,GPM,NASA GES DISC,2000-06-01,ongoing,https://gpm1.gesdisc.eosdis.nasa.gov/opendap/GPM_L3/,https://gpm1.gesdisc.eosdis.nasa.gov/opendap/GPM_L3/GPM_3IMERGDE.06/2000/06/3B-DAY-E.MS.MRG.3IMERG.20000601-S000000-E235959.V06.nc4,lon,lat,time,NA,+proj=longlat +datum=WGS84 +no_defs +type=crs
GPM_3IMERGHHE.06,GPM,NASA GES DISC,2000-06-01,ongoing,https://gpm1.gesdisc.eosdis.nasa.gov/opendap/GPM_L3/,https://gpm1.gesdisc.eosdis.nasa.gov/opendap/GPM_L3/GPM_3IMERGHHE.06/2000/153/3B-HHR-E.MS.MRG.3IMERG.20000601-S000000-E002959.0000.V06B.HDF5,lon,lat,time,NA,+proj=longlat +datum=WGS84 +no_defs +type=crs
GPM_3IMERGHHL.06,GPM,NASA GES DISC,2000-06-01,ongoing,https://gpm1.gesdisc.eosdis.nasa.gov/opendap/GPM_L3/,https://gpm1.gesdisc.eosdis.nasa.gov/opendap/GPM_L3/GPM_3IMERGHHL.06/2000/153/3B-HHR-L.MS.MRG.3IMERG.20000601-S000000-E002959.0000.V06B.HDF5,lon,lat,time,NA,+proj=longlat +datum=WGS84 +no_defs +type=crs
GPM_3IMERGDF.06,GPM,NASA GES DISC,2000-06-01,ongoing,https://gpm1.gesdisc.eosdis.nasa.gov/opendap/GPM_L3/,https://gpm1.gesdisc.eosdis.nasa.gov/opendap/GPM_L3/GPM_3IMERGDF.06/2000/06/3B-DAY.MS.MRG.3IMERG.20000601-S000000-E235959.V06.nc4,lon,lat,time,NA,+proj=longlat +datum=WGS84 +no_defs +type=crs
GPM_3IMERGHH.06,GPM,NASA GES DISC,2000-06-01,ongoing,https://gpm1.gesdisc.eosdis.nasa.gov/opendap/GPM_L3/,https://gpm1.gesdisc.eosdis.nasa.gov/opendap/GPM_L3/GPM_3IMERGHH.06/2000/153/3B-HHR.MS.MRG.3IMERG.20000601-S000000-E002959.0000.V06B.HDF5,lon,lat,time,NA,+proj=longlat +datum=WGS84 +no_defs +type=crs
GPM_3IMERGM.06,GPM,NASA GES DISC,2000-06-01,ongoing,https://gpm1.gesdisc.eosdis.nasa.gov/opendap/GPM_L3/,https://gpm1.gesdisc.eosdis.nasa.gov/opendap/GPM_L3/GPM_3IMERGM.06/2000/3B-MO.MS.MRG.3IMERG.20000601-S000000-E235959.06.V06B.HDF5,lon,lat,time,NA,+proj=longlat +datum=WGS84 +no_defs +type=crs
GPM_3IMERGDL.06,GPM,NASA GES DISC,2000-06-01,ongoing,https://gpm1.gesdisc.eosdis.nasa.gov/opendap/GPM_L3/,https://gpm1.gesdisc.eosdis.nasa.gov/opendap/GPM_L3/GPM_3IMERGDL.06/2000/06/3B-DAY-L.MS.MRG.3IMERG.20000601-S000000-E235959.V06.nc4,lon,lat,time,NA,+proj=longlat +datum=WGS84 +no_defs +type=crs
GPM_3IMERGDF.07,GPM,NASA GES DISC,2000-06-01,ongoing,https://gpm1.gesdisc.eosdis.nasa.gov/opendap/GPM_L3/,https://gpm1.gesdisc.eosdis.nasa.gov/opendap/GPM_L3/GPM_3IMERGDF.07/2000/06/3B-DAY.MS.MRG.3IMERG.20000601-S000000-E235959.V07B.nc4,lon,lat,time,NA,+proj=longlat +datum=WGS84 +no_defs +type=crs
GPM_3IMERGHH.07,GPM,NASA GES DISC,2000-06-01,ongoing,https://gpm1.gesdisc.eosdis.nasa.gov/opendap/GPM_L3/,https://gpm1.gesdisc.eosdis.nasa.gov/opendap/GPM_L3/GPM_3IMERGHH.07/2000/153/3B-HHR.MS.MRG.3IMERG.20000601-S000000-E002959.0000.V07B.HDF5,lon,lat,time,NA,+proj=longlat +datum=WGS84 +no_defs +type=crs
GPM_3IMERGM.07,GPM,NASA GES DISC,2000-06-01,ongoing,https://gpm1.gesdisc.eosdis.nasa.gov/opendap/GPM_L3/,https://gpm1.gesdisc.eosdis.nasa.gov/opendap/GPM_L3/GPM_3IMERGM.07/2000/3B-MO.MS.MRG.3IMERG.20000601-S000000-E235959.06.V07B.HDF5,lon,lat,time,NA,+proj=longlat +datum=WGS84 +no_defs +type=crs
